track,n_fe_pdb,n_ni_pdb,mean_fe,mean_ni,delta_fe_minus_ni,p_value_welch
TrackA_shared_family_identity_pooled,46,42,0.8068697144958791,0.5577611184009994,0.24910859609487968,1.191572654317088e-08
TrackB_global_composition_sensitive,140,90,0.44653341496809623,0.30923179058595723,0.137301624382139,0.0037286869502474165
